sku_id,dc_total_stock,dc_reserved_stock,dc_blocked_stock,dc_safety_stock,dc_inbound_qty_next_7d,dc_free_stock
SKU000001,456,73,16,10,0,357
SKU000002,442,50,4,13,0,375
SKU000003,84,6,17,30,0,31
SKU000004,87,55,24,49,0,0
SKU000005,780,71,6,36,50,667
SKU000006,667,71,19,52,100,525
SKU000007,252,34,24,32,0,162
SKU000008,701,11,3,47,50,640
SKU000009,433,24,10,27,100,372
SKU000010,39,10,11,44,250,0
SKU000011,822,18,14,7,250,783
SKU000012,239,47,4,53,150,135
SKU000013,873,6,7,44,0,816
SKU000014,889,36,0,26,150,827
SKU000015,823,57,15,6,0,745
SKU000016,214,27,6,39,100,142
SKU000017,768,61,19,51,0,637
SKU000018,711,2,12,42,150,655
SKU000019,21,1,9,17,250,0
SKU000020,713,6,14,46,0,647
SKU000021,68,34,21,59,150,0
SKU000022,368,2,9,60,150,297
SKU000023,395,48,16,50,0,281
SKU000024,925,76,17,10,0,822
SKU000025,203,58,17,50,0,78
SKU000026,40,33,4,26,50,0
SKU000027,402,2,11,48,0,341
SKU000028,363,30,16,22,250,295
SKU000029,63,49,14,57,0,0
SKU000030,568,28,4,26,50,510
SKU000031,672,48,16,48,100,560
SKU000032,893,29,13,20,100,831
SKU000033,156,39,19,26,50,72
SKU000034,555,83,4,42,100,426
SKU000035,700,17,9,49,150,625
SKU000036,920,17,13,54,0,836
SKU000037,671,20,10,9,100,632
SKU000038,545,15,5,25,250,500
SKU000039,900,3,24,25,50,848
SKU000040,421,81,23,22,0,295
SKU000041,797,16,5,6,250,770
SKU000042,626,77,18,44,0,487
SKU000043,610,87,0,27,0,496
SKU000044,704,17,16,59,100,612
SKU000045,480,47,5,59,50,369
SKU000046,503,20,6,19,0,458
SKU000047,418,1,8,31,0,378
SKU000048,760,25,24,18,0,693
SKU000049,181,56,19,36,150,70
SKU000050,332,31,13,30,250,258
SKU000051,42,24,10,30,100,0
SKU000052,760,68,16,46,150,630
SKU000053,13,7,3,57,0,0
SKU000054,898,66,17,30,150,785
SKU000055,40,33,0,17,0,0
SKU000056,450,38,24,57,0,331
SKU000057,472,37,19,8,150,408
SKU000058,529,59,20,33,0,417
SKU000059,739,23,24,42,150,650
SKU000060,559,52,10,33,0,464
SKU000061,183,25,14,10,0,134
SKU000062,331,20,22,51,0,238
SKU000063,93,57,20,28,0,0
SKU000064,536,65,19,15,50,437
SKU000065,563,21,10,41,250,491
SKU000066,675,20,4,16,250,635
SKU000067,39,19,14,23,150,0
SKU000068,185,16,6,5,100,158
SKU000069,783,58,15,59,50,651
SKU000070,556,77,15,20,0,444
SKU000071,602,58,13,33,0,498
SKU000072,615,31,17,22,100,545
SKU000073,643,26,1,16,0,600
SKU000074,56,2,4,59,0,0
SKU000075,683,77,9,26,0,571
SKU000076,50,11,5,48,0,0
SKU000077,625,89,19,41,250,476
SKU000078,575,58,23,42,0,452
SKU000079,36,19,10,28,50,0
SKU000080,54,53,0,23,50,0
SKU000081,137,35,10,38,50,54
SKU000082,537,26,19,8,0,484
SKU000083,585,80,16,10,50,479
SKU000084,741,90,9,32,100,610
SKU000085,868,67,18,44,0,739
SKU000086,949,72,15,38,150,824
SKU000087,647,23,19,19,150,586
SKU000088,297,0,3,6,50,288
SKU000089,640,26,25,44,50,545
SKU000090,44,35,3,5,150,1
SKU000091,206,32,25,9,0,140
SKU000092,307,41,24,5,0,237
SKU000093,702,50,23,41,100,588
SKU000094,29,6,10,58,0,0
SKU000095,944,60,25,7,150,852
SKU000096,139,80,14,60,100,0
SKU000097,917,52,23,8,250,834
SKU000098,533,86,10,40,100,397
SKU000099,19,10,5,9,0,0
SKU000100,287,43,12,45,100,187
SKU000101,862,77,12,16,100,757
SKU000102,119,39,22,59,0,0
SKU000103,52,5,15,20,0,12
SKU000104,462,38,6,38,0,380
SKU000105,179,4,24,17,0,134
SKU000106,454,61,16,14,0,363
SKU000107,348,67,9,54,0,218
SKU000108,146,12,16,48,0,70
SKU000109,210,58,12,50,250,90
SKU000110,534,39,1,48,250,446
SKU000111,608,42,14,7,0,545
SKU000112,533,39,0,41,250,453
SKU000113,319,26,10,17,0,266
SKU000114,293,40,24,33,150,196
SKU000115,120,20,8,12,0,80
SKU000116,637,13,6,39,0,579
SKU000117,562,18,22,56,0,466
SKU000118,587,9,9,44,0,525
SKU000119,553,16,0,35,150,502
SKU000120,51,3,2,32,50,14
SKU000121,183,75,20,58,150,30
SKU000122,716,45,9,26,250,636
SKU000123,202,85,25,39,0,53
SKU000124,944,59,18,13,0,854
SKU000125,832,89,14,11,50,718
SKU000126,317,90,24,34,50,169
SKU000127,237,18,19,21,0,179
SKU000128,401,85,10,55,250,251
SKU000129,903,62,0,9,50,832
SKU000130,115,59,5,23,250,28
SKU000131,356,16,16,11,50,313
SKU000132,837,13,10,40,150,774
SKU000133,72,68,3,30,100,0
SKU000134,423,31,17,15,50,360
SKU000135,26,26,0,55,50,0
SKU000136,580,69,22,20,0,469
SKU000137,678,73,15,12,100,578
SKU000138,610,71,3,57,50,479
SKU000139,180,51,2,43,0,84
SKU000140,701,48,10,36,150,607
SKU000141,27,26,0,42,250,0
SKU000142,651,18,21,14,50,598
SKU000143,544,78,18,33,0,415
SKU000144,210,40,9,41,250,120
SKU000145,935,55,22,27,0,831
SKU000146,65,51,13,13,250,0
SKU000147,70,6,0,50,100,14
SKU000148,840,14,9,60,0,757
SKU000149,240,75,12,45,0,108
SKU000150,728,48,13,39,0,628
SKU000151,678,17,6,40,50,615
SKU000152,863,53,4,23,250,783
SKU000153,686,1,2,46,0,637
SKU000154,147,62,21,32,0,32
SKU000155,86,53,14,55,150,0
SKU000156,618,79,5,34,100,500
SKU000157,434,57,12,27,0,338
SKU000158,190,0,18,36,250,136
SKU000159,748,64,8,31,100,645
SKU000160,590,4,18,35,150,533
SKU000161,377,61,22,10,0,284
SKU000162,747,35,14,38,0,660
SKU000163,535,11,7,35,150,482
SKU000164,759,85,2,48,150,624
SKU000165,552,39,19,8,0,486
SKU000166,547,60,14,37,50,436
SKU000167,587,53,11,56,0,467
SKU000168,296,88,19,52,0,137
SKU000169,744,33,1,45,50,665
SKU000170,592,6,21,23,250,542
SKU000171,755,36,15,10,0,694
SKU000172,35,16,4,44,0,0
SKU000173,281,1,23,12,100,245
SKU000174,178,19,21,33,0,105
SKU000175,827,89,7,36,0,695
SKU000176,818,4,10,10,0,794
SKU000177,609,19,15,53,50,522
SKU000178,788,84,14,51,150,639
SKU000179,171,44,1,46,0,80
SKU000180,773,6,5,34,50,728
SKU000181,487,68,7,29,150,383
SKU000182,722,33,4,38,250,647
SKU000183,57,24,21,25,100,0
SKU000184,699,12,17,45,0,625
SKU000185,864,83,8,26,0,747
SKU000186,273,32,20,42,50,179
SKU000187,472,30,23,48,100,371
SKU000188,788,43,21,49,0,675
SKU000189,320,86,0,58,0,176
SKU000190,12,8,0,48,50,0
SKU000191,359,36,8,17,0,298
SKU000192,24,1,19,47,250,0
SKU000193,222,81,3,50,0,88
SKU000194,88,16,12,47,250,13
SKU000195,921,23,3,49,0,846
SKU000196,259,84,2,45,50,128
SKU000197,944,54,22,47,250,821
SKU000198,788,20,24,9,0,735
SKU000199,49,21,1,21,250,6
SKU000200,271,8,15,17,100,231
SKU000201,402,62,3,14,100,323
SKU000202,787,78,20,11,50,678
SKU000203,732,4,2,9,100,717
SKU000204,745,57,0,36,0,652
SKU000205,668,4,21,29,0,614
SKU000206,155,50,18,5,100,82
SKU000207,724,62,15,32,50,615
SKU000208,864,8,17,19,0,820
SKU000209,393,61,3,41,100,288
SKU000210,367,38,12,8,150,309
SKU000211,662,68,10,10,250,574
SKU000212,470,37,20,17,0,396
SKU000213,49,42,3,24,150,0
SKU000214,399,80,22,27,50,270
SKU000215,86,56,23,17,0,0
SKU000216,36,15,15,29,0,0
SKU000217,811,39,15,39,250,718
SKU000218,831,2,1,26,0,802
SKU000219,345,5,12,12,0,316
SKU000220,826,66,14,48,250,698
SKU000221,895,74,7,9,0,805
SKU000222,753,83,0,35,100,635
SKU000223,46,41,1,5,0,0
SKU000224,39,6,14,44,0,0
SKU000225,855,13,3,36,100,803
SKU000226,818,8,25,17,50,768
SKU000227,345,86,12,25,0,222
SKU000228,700,17,10,58,250,615
SKU000229,218,75,5,26,0,112
SKU000230,123,53,5,49,0,16
SKU000231,566,31,18,7,0,510
SKU000232,102,80,19,29,250,0
SKU000233,62,5,0,5,0,52
SKU000234,948,83,18,23,50,824
SKU000235,710,60,22,13,0,615
SKU000236,146,66,14,31,0,35
SKU000237,178,4,19,16,150,139
SKU000238,511,11,20,57,250,423
SKU000239,308,0,17,20,0,271
SKU000240,120,12,19,28,250,61
SKU000241,779,64,7,34,250,674
SKU000242,641,35,1,17,0,588
SKU000243,815,60,15,16,0,724
SKU000244,686,6,20,28,0,632
SKU000245,214,42,19,56,250,97
SKU000246,6,4,0,15,250,0
SKU000247,29,3,2,20,150,4
SKU000248,455,41,13,17,150,384
SKU000249,693,29,24,12,0,628
SKU000250,233,52,6,29,0,146
SKU000251,75,62,0,32,0,0
SKU000252,221,58,5,29,0,129
SKU000253,139,24,20,27,0,68
SKU000254,207,4,22,41,0,140
SKU000255,287,59,14,31,0,183
SKU000256,778,37,19,15,250,707
SKU000257,813,78,5,41,100,689
SKU000258,875,52,16,36,250,771
SKU000259,221,59,8,5,150,149
SKU000260,438,31,7,25,50,375
SKU000261,593,75,4,41,0,473
SKU000262,427,5,15,51,250,356
SKU000263,67,50,15,56,250,0
SKU000264,713,57,15,20,0,621
SKU000265,571,88,23,31,0,429
SKU000266,135,30,20,10,0,75
SKU000267,491,20,22,34,250,415
SKU000268,584,3,14,34,250,533
SKU000269,141,51,5,55,250,30
SKU000270,379,90,20,5,250,264
SKU000271,42,33,0,23,50,0
SKU000272,770,78,17,41,250,634
SKU000273,212,10,19,26,150,157
SKU000274,56,43,5,8,0,0
SKU000275,392,79,1,28,0,284
SKU000276,179,90,2,40,150,47
SKU000277,792,42,7,39,0,704
SKU000278,664,74,22,18,250,550
SKU000279,762,41,11,22,100,688
SKU000280,696,6,2,28,0,660
SKU000281,463,67,3,35,150,358
SKU000282,544,68,9,33,100,434
SKU000283,376,88,25,9,0,254
SKU000284,913,11,2,30,0,870
SKU000285,295,9,3,15,0,268
SKU000286,114,63,4,60,0,0
SKU000287,533,2,9,31,150,491
SKU000288,554,60,11,31,50,452
SKU000289,755,37,6,9,0,703
SKU000290,892,66,20,26,50,780
SKU000291,592,82,25,25,50,460
SKU000292,607,67,17,33,50,490
SKU000293,311,39,5,55,0,212
SKU000294,232,36,24,59,0,113
SKU000295,151,58,5,44,0,44
SKU000296,728,23,5,58,150,642
SKU000297,709,19,5,20,0,665
SKU000298,42,36,1,33,0,0
SKU000299,378,71,22,7,150,278
SKU000300,324,18,11,33,100,262
SKU000301,166,15,0,30,50,121
SKU000302,786,58,10,14,0,704
SKU000303,756,64,10,46,150,636
SKU000304,302,37,24,41,150,200
SKU000305,150,56,10,49,0,35
SKU000306,749,5,4,48,100,692
SKU000307,119,51,19,58,0,0
SKU000308,456,41,1,43,150,371
SKU000309,199,28,25,54,0,92
SKU000310,68,57,10,47,0,0
SKU000311,524,62,10,43,100,409
SKU000312,523,85,11,30,0,397
SKU000313,733,47,12,28,0,646
SKU000314,291,39,14,60,100,178
SKU000315,89,56,23,31,250,0
SKU000316,453,54,23,31,0,345
SKU000317,855,11,4,18,0,822
SKU000318,486,67,10,9,100,400
SKU000319,774,0,13,45,0,716
SKU000320,424,59,22,41,250,302
SKU000321,936,23,12,23,100,878
SKU000322,38,37,1,36,100,0
SKU000323,757,3,25,5,0,724
SKU000324,268,81,20,35,0,132
SKU000325,669,36,13,16,50,604
SKU000326,928,31,0,12,250,885
SKU000327,283,8,19,52,0,204
SKU000328,595,55,8,45,150,487
SKU000329,487,15,11,37,150,424
SKU000330,33,10,18,8,0,0
SKU000331,327,88,4,27,0,208
SKU000332,54,26,20,27,0,0
SKU000333,296,81,2,37,0,176
SKU000334,784,12,19,53,0,700
SKU000335,556,40,21,56,0,439
SKU000336,277,88,11,11,100,167
SKU000337,593,18,0,13,100,562
SKU000338,288,62,13,26,0,187
SKU000339,104,64,7,58,0,0
SKU000340,814,78,22,58,100,656
SKU000341,866,70,22,53,250,721
SKU000342,116,9,3,57,0,47
SKU000343,44,19,22,28,0,0
SKU000344,836,76,16,53,0,691
SKU000345,176,3,23,57,0,93
SKU000346,227,88,4,49,0,86
SKU000347,314,16,2,32,150,264
SKU000348,781,9,0,54,50,718
SKU000349,775,25,3,7,250,740
SKU000350,675,7,15,12,0,641
SKU000351,1,0,0,43,0,0
SKU000352,601,23,21,27,0,530
SKU000353,92,35,18,27,0,12
SKU000354,164,78,7,37,100,42
SKU000355,69,1,16,18,150,34
SKU000356,196,21,24,39,0,112
SKU000357,742,27,16,59,150,640
SKU000358,486,75,5,33,150,373
SKU000359,109,45,12,32,0,20
SKU000360,526,14,24,25,0,463
SKU000361,477,17,15,53,0,392
SKU000362,721,5,2,25,50,689
SKU000363,118,58,19,52,0,0
SKU000364,703,56,7,40,50,600
SKU000365,297,54,6,59,0,178
SKU000366,916,60,21,28,0,807
SKU000367,13,7,5,11,50,0
SKU000368,448,86,2,12,0,348
SKU000369,404,75,3,52,0,274
SKU000370,66,25,10,17,100,14
SKU000371,864,15,7,58,50,784
SKU000372,742,74,18,22,250,628
SKU000373,808,51,11,35,150,711
SKU000374,617,62,16,22,0,517
SKU000375,786,15,8,36,50,727
SKU000376,236,17,0,11,150,208
SKU000377,54,31,21,6,0,0
SKU000378,391,41,4,24,100,322
SKU000379,638,9,21,53,100,555
SKU000380,785,59,6,23,150,697
SKU000381,509,33,17,26,250,433
SKU000382,880,2,24,7,50,847
SKU000383,901,49,14,25,250,813
SKU000384,385,4,1,16,100,364
SKU000385,675,38,22,15,50,600
SKU000386,441,49,15,53,0,324
SKU000387,582,84,17,48,100,433
SKU000388,585,71,5,37,0,472
SKU000389,400,75,12,44,150,269
SKU000390,361,36,10,8,0,307
SKU000391,46,22,23,42,0,0
SKU000392,783,43,12,11,50,717
SKU000393,353,52,11,8,150,282
SKU000394,250,82,9,42,0,117
SKU000395,932,39,3,26,0,864
SKU000396,20,1,14,47,250,0
SKU000397,432,53,8,6,150,365
SKU000398,480,40,12,41,50,387
SKU000399,330,62,3,49,150,216
SKU000400,210,64,25,53,150,68
SKU000401,347,38,11,32,0,266
SKU000402,508,9,17,18,0,464
SKU000403,73,51,7,44,150,0
SKU000404,94,74,3,42,0,0
SKU000405,67,60,6,18,0,0
SKU000406,38,32,6,24,50,0
SKU000407,679,25,13,30,0,611
SKU000408,639,85,24,40,0,490
SKU000409,66,23,18,36,0,0
SKU000410,676,59,8,45,100,564
SKU000411,828,55,18,51,150,704
SKU000412,61,23,14,14,0,10
SKU000413,154,38,13,31,0,72
SKU000414,880,8,20,18,250,834
SKU000415,422,36,20,15,0,351
SKU000416,703,51,7,12,0,633
SKU000417,39,29,7,40,50,0
SKU000418,432,4,6,15,0,407
SKU000419,35,35,0,46,250,0
SKU000420,43,31,12,6,0,0
SKU000421,880,40,19,24,250,797
SKU000422,65,52,5,47,150,0
SKU000423,906,17,7,12,100,870
SKU000424,752,15,16,47,250,674
SKU000425,594,67,8,36,0,483
SKU000426,243,40,10,58,100,135
SKU000427,754,30,13,18,0,693
SKU000428,109,35,14,31,0,29
SKU000429,883,62,17,28,150,776
SKU000430,115,54,15,48,0,0
SKU000431,284,18,11,35,150,220
SKU000432,376,2,20,43,0,311
SKU000433,861,6,22,55,150,778
SKU000434,245,49,9,45,150,142
SKU000435,371,87,3,39,250,242
SKU000436,242,49,0,30,0,163
SKU000437,308,30,9,18,250,251
SKU000438,911,56,20,25,250,810
SKU000439,785,4,8,60,0,713
SKU000440,842,62,15,52,50,713
SKU000441,948,54,3,57,0,834
SKU000442,715,8,11,31,100,665
SKU000443,746,41,14,49,0,642
SKU000444,23,20,3,55,150,0
SKU000445,25,20,2,25,100,0
SKU000446,84,31,16,50,250,0
SKU000447,850,16,19,48,50,767
SKU000448,811,57,15,60,150,679
SKU000449,136,87,18,57,0,0
SKU000450,818,10,13,28,0,767
SKU000451,402,73,7,6,0,316
SKU000452,945,78,20,19,0,828
SKU000453,473,89,5,8,50,371
SKU000454,632,33,4,10,0,585
SKU000455,174,15,0,50,100,109
SKU000456,445,58,21,36,0,330
SKU000457,229,24,25,22,0,158
SKU000458,764,16,13,59,0,676
SKU000459,614,36,23,48,0,507
SKU000460,428,18,0,23,0,387
SKU000461,241,31,11,42,150,157
SKU000462,662,1,15,13,250,633
SKU000463,331,50,21,18,150,242
SKU000464,392,76,8,9,0,299
SKU000465,42,15,15,27,100,0
SKU000466,686,76,22,52,250,536
SKU000467,64,48,9,30,150,0
SKU000468,379,71,1,42,0,265
SKU000469,266,63,10,34,0,159
SKU000470,91,67,13,14,0,0
SKU000471,119,16,15,60,250,28
SKU000472,287,55,9,21,100,202
SKU000473,849,33,16,25,50,775
SKU000474,914,62,24,14,100,814
SKU000475,873,81,25,33,0,734
SKU000476,193,29,5,7,50,152
SKU000477,266,59,13,12,50,182
SKU000478,41,35,3,34,50,0
SKU000479,115,18,3,27,0,67
SKU000480,208,23,5,52,100,128
SKU000481,842,84,18,18,100,722
SKU000482,4,4,0,31,0,0
SKU000483,252,86,3,26,0,137
SKU000484,291,87,3,30,0,171
SKU000485,604,13,10,14,0,567
SKU000486,83,61,14,45,0,0
SKU000487,608,42,1,46,100,519
SKU000488,463,72,4,18,250,369
SKU000489,49,18,10,56,0,0
SKU000490,77,48,2,30,0,0
SKU000491,182,51,2,6,250,123
SKU000492,213,51,9,46,250,107
SKU000493,669,38,15,56,50,560
SKU000494,753,39,21,43,0,650
SKU000495,367,47,16,17,50,287
SKU000496,456,60,8,41,100,347
SKU000497,433,54,25,28,100,326
SKU000498,190,54,2,7,100,127
SKU000499,349,86,7,46,150,210
SKU000500,730,63,16,45,150,606
SKU000501,537,59,13,10,250,455
SKU000502,489,16,21,24,250,428
SKU000503,254,37,18,8,100,191
SKU000504,78,65,1,37,50,0
SKU000505,422,84,23,41,250,274
SKU000506,259,74,2,54,100,129
SKU000507,16,14,0,55,0,0
SKU000508,863,10,13,50,0,790
SKU000509,321,58,24,47,50,192
SKU000510,638,43,25,16,0,554
SKU000511,77,33,21,11,50,12
SKU000512,50,7,0,15,150,28
SKU000513,488,51,21,52,100,364
SKU000514,743,79,19,28,150,617
SKU000515,689,86,12,56,0,535
SKU000516,89,1,6,12,250,70
SKU000517,16,6,0,18,50,0
SKU000518,664,30,13,58,150,563
SKU000519,878,24,2,24,250,828
SKU000520,474,54,0,12,0,408
SKU000521,924,89,14,36,50,785
SKU000522,20,18,0,17,0,0
SKU000523,583,50,1,26,0,506
SKU000524,105,55,13,59,50,0
SKU000525,754,70,9,7,50,668
SKU000526,409,75,23,44,150,267
SKU000527,926,62,7,50,0,807
SKU000528,73,40,17,9,0,7
SKU000529,914,60,3,36,100,815
SKU000530,661,89,13,6,0,553
SKU000531,294,60,11,33,0,190
SKU000532,519,87,10,43,250,379
SKU000533,862,59,4,23,150,776
SKU000534,728,53,21,46,150,608
SKU000535,368,20,19,18,0,311
SKU000536,707,85,15,13,0,594
SKU000537,204,62,3,55,50,84
SKU000538,505,26,17,8,0,454
SKU000539,367,45,21,15,0,286
SKU000540,847,64,1,56,0,726
SKU000541,345,79,7,12,100,247
SKU000542,229,43,25,27,250,134
SKU000543,47,35,4,14,250,0
SKU000544,706,77,21,11,150,597
SKU000545,51,28,14,58,250,0
SKU000546,113,78,19,55,250,0
SKU000547,104,5,16,11,0,72
SKU000548,645,26,11,15,150,593
SKU000549,299,64,15,51,250,169
SKU000550,101,46,10,57,0,0
SKU000551,125,56,13,54,250,2
SKU000552,6,6,0,26,0,0
SKU000553,517,34,11,50,250,422
SKU000554,424,85,7,14,250,318
SKU000555,771,29,4,56,50,682
SKU000556,423,58,16,55,150,294
SKU000557,370,56,4,54,0,256
SKU000558,734,8,2,26,0,698
SKU000559,411,21,13,8,50,369
SKU000560,19,18,0,45,150,0
SKU000561,818,66,9,31,50,712
SKU000562,907,70,9,51,150,777
SKU000563,321,1,8,38,100,274
SKU000564,942,51,14,46,0,831
SKU000565,908,79,20,33,150,776
SKU000566,353,83,12,54,0,204
SKU000567,902,4,17,26,50,855
SKU000568,742,16,16,39,0,671
SKU000569,218,70,9,38,0,101
SKU000570,775,2,0,55,100,718
SKU000571,606,38,23,32,100,513
SKU000572,113,47,8,45,100,13
SKU000573,362,83,3,33,0,243
SKU000574,586,58,10,20,250,498
SKU000575,763,72,22,45,150,624
SKU000576,546,29,11,24,0,482
SKU000577,682,73,21,13,150,575
SKU000578,386,31,3,25,100,327
SKU000579,596,46,14,11,0,525
SKU000580,728,52,2,10,0,664
SKU000581,435,60,6,33,0,336
SKU000582,378,51,18,40,100,269
SKU000583,797,33,18,36,150,710
SKU000584,433,88,15,51,50,279
SKU000585,843,64,4,36,150,739
SKU000586,468,90,16,60,100,302
SKU000587,120,58,15,7,150,40
SKU000588,160,47,3,43,250,67
SKU000589,418,47,18,23,0,330
SKU000590,535,47,9,28,0,451
SKU000591,301,18,4,55,100,224
SKU000592,39,18,6,16,250,0
SKU000593,757,15,17,27,0,698
SKU000594,61,36,9,41,50,0
SKU000595,921,48,15,58,150,800
SKU000596,853,17,16,45,50,775
SKU000597,779,57,4,60,150,658
SKU000598,333,79,21,44,50,189
SKU000599,396,50,10,39,0,297
SKU000600,686,35,20,10,250,621
SKU000601,169,73,20,55,250,21
SKU000602,724,82,3,46,100,593
SKU000603,87,79,8,41,250,0
SKU000604,54,33,6,53,50,0
SKU000605,514,15,21,39,0,439
SKU000606,19,6,3,58,150,0
SKU000607,859,56,2,56,100,745
SKU000608,621,75,1,36,250,509
SKU000609,23,5,13,6,250,0
SKU000610,540,32,2,12,0,494
SKU000611,554,18,5,21,250,510
SKU000612,91,52,21,15,0,3
SKU000613,629,23,0,50,0,556
SKU000614,305,40,4,31,0,230
SKU000615,264,15,1,17,0,231
SKU000616,770,30,15,37,250,688
SKU000617,516,14,8,8,0,486
SKU000618,475,8,15,6,50,446
SKU000619,648,2,8,40,100,598
SKU000620,691,71,20,55,0,545
SKU000621,311,57,2,59,150,193
SKU000622,512,18,11,39,0,444
SKU000623,800,54,17,33,0,696
SKU000624,1,1,0,5,0,0
SKU000625,943,76,8,58,150,801
SKU000626,389,80,6,42,250,261
SKU000627,522,20,23,39,100,440
SKU000628,71,50,3,58,0,0
SKU000629,742,35,13,18,100,676
SKU000630,516,40,21,26,150,429
SKU000631,267,90,14,22,0,141
SKU000632,678,43,6,34,100,595
SKU000633,17,0,15,5,0,0
SKU000634,688,71,22,50,50,545
SKU000635,780,10,25,46,150,699
SKU000636,79,56,21,12,0,0
SKU000637,832,76,11,29,0,716
SKU000638,859,89,0,12,50,758
SKU000639,379,56,0,19,150,304
SKU000640,20,11,3,10,250,0
SKU000641,628,28,7,36,0,557
SKU000642,37,13,0,17,250,7
SKU000643,653,35,18,37,50,563
SKU000644,174,84,23,41,150,26
SKU000645,698,22,2,42,0,632
SKU000646,33,14,16,51,250,0
SKU000647,280,86,0,49,150,145
SKU000648,545,87,17,34,0,407
SKU000649,437,83,1,59,0,294
SKU000650,442,52,8,12,150,370
SKU000651,530,46,16,53,0,415
SKU000652,905,6,8,31,100,860
SKU000653,459,50,6,26,0,377
SKU000654,901,3,23,19,150,856
SKU000655,433,31,6,15,0,381
SKU000656,80,12,0,35,50,33
SKU000657,80,42,8,20,0,10
SKU000658,484,43,1,57,0,383
SKU000659,532,9,24,43,100,456
SKU000660,449,80,14,42,0,313
SKU000661,87,4,12,25,250,46
SKU000662,16,1,14,8,0,0
SKU000663,625,8,3,48,0,566
SKU000664,48,25,3,44,250,0
SKU000665,420,76,25,47,100,272
SKU000666,10,7,3,44,100,0
SKU000667,103,86,0,34,100,0
SKU000668,336,13,3,5,100,315
SKU000669,24,18,1,45,100,0
SKU000670,262,61,23,44,50,134
SKU000671,190,5,1,13,0,171
SKU000672,598,83,24,27,0,464
SKU000673,597,18,4,35,0,540
SKU000674,617,47,0,38,100,532
SKU000675,673,7,7,37,250,622
SKU000676,855,6,13,27,0,809
SKU000677,205,25,25,9,0,146
SKU000678,193,88,22,34,100,49
SKU000679,709,74,18,26,100,591
SKU000680,306,20,3,34,250,249
SKU000681,28,0,20,19,150,0
SKU000682,235,27,7,35,150,166
SKU000683,786,42,25,52,50,667
SKU000684,210,0,11,5,0,194
SKU000685,14,2,4,33,0,0
SKU000686,646,46,1,6,0,593
SKU000687,202,28,8,51,0,115
SKU000688,347,31,5,17,0,294
SKU000689,180,12,0,58,150,110
SKU000690,140,14,10,18,0,98
SKU000691,467,47,21,15,100,384
SKU000692,818,55,22,9,0,732
SKU000693,147,16,25,17,0,89
SKU000694,545,47,10,43,50,445
SKU000695,651,5,24,44,100,578
SKU000696,193,37,25,14,0,117
SKU000697,35,8,16,42,50,0
SKU000698,214,60,25,47,100,82
SKU000699,66,49,16,28,50,0
SKU000700,531,41,22,28,100,440
SKU000701,711,63,15,22,100,611
SKU000702,410,74,20,7,0,309
SKU000703,224,57,7,30,0,130
SKU000704,313,48,18,15,250,232
SKU000705,383,10,4,53,0,316
SKU000706,302,45,7,42,0,208
SKU000707,476,43,13,33,50,387
SKU000708,442,63,10,22,50,347
SKU000709,25,7,8,46,0,0
SKU000710,367,37,16,37,100,277
SKU000711,35,14,3,12,0,6
SKU000712,25,10,6,48,0,0
SKU000713,256,87,8,17,150,144
SKU000714,618,69,8,5,250,536
SKU000715,306,44,25,30,50,207
SKU000716,841,83,0,35,150,723
SKU000717,524,19,12,19,0,474
SKU000718,740,60,7,38,100,635
SKU000719,804,59,23,57,50,665
SKU000720,348,40,6,32,250,270
SKU000721,714,56,14,59,100,585
SKU000722,30,18,2,24,150,0
SKU000723,9,5,2,19,50,0
SKU000724,435,51,24,54,150,306
SKU000725,550,75,0,41,250,434
SKU000726,32,9,10,41,150,0
SKU000727,818,77,18,60,50,663
SKU000728,390,50,2,39,50,299
SKU000729,192,42,18,33,150,99
SKU000730,916,21,3,48,100,844
SKU000731,77,62,0,16,0,0
SKU000732,71,49,9,18,0,0
SKU000733,298,8,14,8,0,268
SKU000734,41,26,12,15,0,0
SKU000735,132,61,23,9,50,39
SKU000736,925,16,6,24,50,879
SKU000737,837,60,5,43,100,729
SKU000738,317,64,22,48,50,183
SKU000739,282,18,14,9,250,241
SKU000740,408,31,16,26,100,335
SKU000741,900,59,18,7,150,816
SKU000742,93,58,11,49,250,0
SKU000743,728,50,19,57,250,602
SKU000744,870,31,5,44,150,790
SKU000745,442,84,5,49,100,304
SKU000746,97,5,7,60,0,25
SKU000747,280,68,9,47,0,156
SKU000748,714,27,15,31,250,641
SKU000749,566,47,2,53,0,464
SKU000750,516,41,13,33,0,429
SKU000751,258,5,14,6,0,233
SKU000752,654,59,12,26,150,557
SKU000753,408,50,1,5,0,352
SKU000754,117,17,10,47,150,43
SKU000755,475,8,2,40,150,425
SKU000756,248,56,4,35,250,153
SKU000757,285,21,0,43,0,221
SKU000758,181,68,23,30,0,60
SKU000759,79,1,21,22,0,35
SKU000760,451,27,22,7,150,395
SKU000761,545,89,1,58,150,397
SKU000762,830,84,22,47,0,677
SKU000763,399,56,1,43,0,299
SKU000764,49,49,0,20,0,0
SKU000765,930,11,0,31,0,888
SKU000766,14,3,10,47,0,0
SKU000767,225,12,25,58,250,130
SKU000768,680,21,1,31,100,627
SKU000769,110,41,17,45,0,7
SKU000770,639,69,12,32,0,526
SKU000771,237,45,10,16,0,166
SKU000772,411,1,12,18,50,380
SKU000773,35,23,0,9,0,3
SKU000774,420,76,15,11,150,318
SKU000775,549,72,5,21,0,451
SKU000776,614,80,22,29,150,483
SKU000777,946,88,4,26,0,828
SKU000778,650,88,10,59,150,493
SKU000779,2,2,0,29,100,0
SKU000780,655,64,18,50,0,523
SKU000781,15,9,1,52,50,0
SKU000782,775,10,1,13,0,751
SKU000783,510,19,12,18,150,461
SKU000784,38,38,0,52,0,0
SKU000785,137,82,25,53,0,0
SKU000786,533,53,20,57,0,403
SKU000787,42,21,7,18,100,0
SKU000788,55,42,3,56,150,0
SKU000789,712,77,12,38,0,585
SKU000790,187,0,2,60,50,125
SKU000791,71,6,20,14,0,31
SKU000792,128,75,17,58,250,0
SKU000793,209,10,13,51,50,135
SKU000794,318,25,7,32,0,254
SKU000795,620,36,18,33,150,533
SKU000796,206,61,2,28,50,115
SKU000797,386,56,13,37,100,280
SKU000798,752,19,25,35,0,673
SKU000799,780,10,24,24,100,722
SKU000800,550,22,8,29,50,491
SKU000801,313,48,17,43,50,205
SKU000802,73,60,3,14,0,0
SKU000803,64,47,15,30,50,0
SKU000804,404,47,12,36,0,309
SKU000805,656,9,13,7,0,627
SKU000806,394,20,6,53,50,315
SKU000807,261,44,16,50,50,151
SKU000808,650,89,1,46,50,514
SKU000809,948,31,7,35,0,875
SKU000810,943,80,22,48,0,793
SKU000811,714,18,8,43,50,645
SKU000812,697,31,19,42,150,605
SKU000813,861,14,24,10,150,813
SKU000814,728,50,22,42,0,614
SKU000815,530,54,5,58,50,413
SKU000816,258,64,17,47,50,130
SKU000817,600,52,24,51,250,473
SKU000818,91,73,11,57,0,0
SKU000819,275,50,22,24,0,179
SKU000820,172,0,3,9,250,160
SKU000821,713,53,20,23,150,617
SKU000822,441,47,5,50,0,339
SKU000823,202,64,3,33,100,102
SKU000824,833,25,1,52,0,755
SKU000825,828,33,13,33,150,749
SKU000826,934,81,5,10,0,838
SKU000827,87,35,2,26,0,24
SKU000828,599,62,21,53,0,463
SKU000829,0,0,0,18,100,0
SKU000830,77,66,4,36,50,0
SKU000831,775,54,10,28,150,683
SKU000832,911,40,7,28,150,836
SKU000833,408,7,11,60,0,330
SKU000834,825,58,22,30,150,715
SKU000835,855,17,0,43,0,795
SKU000836,889,89,24,57,0,719
SKU000837,377,87,21,60,50,209
SKU000838,527,24,0,45,250,458
SKU000839,46,2,25,52,0,0
SKU000840,694,77,15,30,150,572
SKU000841,627,44,13,35,150,535
SKU000842,877,12,23,29,0,813
SKU000843,621,18,16,41,250,546
SKU000844,877,4,4,36,250,833
SKU000845,89,86,3,15,50,0
SKU000846,118,69,7,20,0,22
SKU000847,174,84,22,10,0,58
SKU000848,445,3,5,25,50,412
SKU000849,784,32,21,35,150,696
SKU000850,126,68,20,51,50,0
SKU000851,92,42,7,41,250,2
SKU000852,946,82,10,29,150,825
SKU000853,760,48,20,46,250,646
SKU000854,575,55,25,19,0,476
SKU000855,265,11,3,10,0,241
SKU000856,758,24,23,12,100,699
SKU000857,376,40,12,41,150,283
SKU000858,1,0,1,32,0,0
SKU000859,789,86,25,13,100,665
SKU000860,679,28,3,30,0,618
SKU000861,551,40,4,57,0,450
SKU000862,857,87,14,14,100,742
SKU000863,290,85,25,57,150,123
SKU000864,35,19,16,49,0,0
SKU000865,280,90,18,35,150,137
SKU000866,848,37,22,29,0,760
SKU000867,829,26,23,56,0,724
SKU000868,717,22,15,51,50,629
SKU000869,306,84,5,6,100,211
SKU000870,401,86,15,27,250,273
SKU000871,400,67,23,23,0,287
SKU000872,713,89,17,30,0,577
SKU000873,134,74,25,8,250,27
SKU000874,726,83,5,41,0,597
SKU000875,452,37,4,18,0,393
SKU000876,823,83,0,28,150,712
SKU000877,876,86,25,59,0,706
SKU000878,385,54,21,58,0,252
SKU000879,45,30,5,8,0,2
SKU000880,527,75,13,14,150,425
SKU000881,739,4,3,20,50,712
SKU000882,500,76,5,46,150,373
SKU000883,384,85,21,10,250,268
SKU000884,474,83,12,22,150,357
SKU000885,668,1,3,12,0,652
SKU000886,124,85,16,19,0,4
SKU000887,600,73,15,22,150,490
SKU000888,763,75,5,29,50,654
SKU000889,660,38,18,13,0,591
SKU000890,68,23,12,57,150,0
SKU000891,20,17,3,9,100,0
SKU000892,857,83,3,53,250,718
SKU000893,212,15,5,60,100,132
SKU000894,711,71,14,56,0,570
SKU000895,73,26,20,15,0,12
SKU000896,575,4,2,12,100,557
SKU000897,305,69,5,32,150,199
SKU000898,0,0,0,47,100,0
SKU000899,455,62,22,25,100,346
SKU000900,932,45,19,39,100,829
SKU000901,214,84,1,20,0,109
SKU000902,192,27,4,43,100,118
SKU000903,221,35,4,51,100,131
SKU000904,32,16,12,46,0,0
SKU000905,409,32,21,32,150,324
SKU000906,146,9,20,51,0,66
SKU000907,648,24,22,28,100,574
SKU000908,673,65,19,15,50,574
SKU000909,841,55,12,6,100,768
SKU000910,15,3,10,40,50,0
SKU000911,67,11,11,26,250,19
SKU000912,279,28,8,5,0,238
SKU000913,386,28,12,11,250,335
SKU000914,947,67,23,24,100,833
SKU000915,841,12,16,27,150,786
SKU000916,585,70,8,43,0,464
SKU000917,40,24,5,27,250,0
SKU000918,759,68,17,43,250,631
SKU000919,412,16,8,5,150,383
SKU000920,525,84,4,14,50,423
SKU000921,581,6,23,45,0,507
SKU000922,724,86,19,31,150,588
SKU000923,468,45,25,34,100,364
SKU000924,293,54,16,50,250,173
SKU000925,234,11,9,31,250,183
SKU000926,320,81,2,9,150,228
SKU000927,245,21,18,8,0,198
SKU000928,761,63,25,60,0,613
SKU000929,434,17,15,36,100,366
SKU000930,701,68,22,12,50,599
SKU000931,14,14,0,50,50,0
SKU000932,719,44,7,52,150,616
SKU000933,942,67,21,43,0,811
SKU000934,621,21,21,53,100,526
SKU000935,925,9,11,58,0,847
SKU000936,526,6,13,36,50,471
SKU000937,174,14,10,48,0,102
SKU000938,851,15,9,24,50,803
SKU000939,300,0,23,45,100,232
SKU000940,403,39,20,37,250,307
SKU000941,59,57,2,59,50,0
SKU000942,58,39,14,26,0,0
SKU000943,362,44,23,16,50,279
SKU000944,55,31,6,10,100,8
SKU000945,526,52,3,36,0,435
SKU000946,159,32,7,35,50,85
SKU000947,383,54,5,39,250,285
SKU000948,275,56,21,58,50,140
SKU000949,165,55,0,27,250,83
SKU000950,726,24,9,7,0,686
SKU000951,404,42,1,15,150,346
SKU000952,203,85,8,12,50,98
SKU000953,500,87,22,13,0,378
SKU000954,769,51,16,51,150,651
SKU000955,863,16,3,11,250,833
SKU000956,21,11,8,5,250,0
SKU000957,700,86,10,32,100,572
SKU000958,61,18,9,36,0,0
SKU000959,779,79,4,51,100,645
SKU000960,191,14,8,49,0,120
SKU000961,682,25,15,50,250,592
SKU000962,829,64,19,16,0,730
SKU000963,875,81,4,19,0,771
SKU000964,135,35,6,14,50,80
SKU000965,18,2,1,29,50,0
SKU000966,537,81,7,19,0,430
SKU000967,436,65,13,46,0,312
SKU000968,311,46,8,27,150,230
SKU000969,428,6,5,7,0,410
SKU000970,53,20,6,23,50,4
SKU000971,286,12,13,16,0,245
SKU000972,503,38,3,11,150,451
SKU000973,13,12,0,26,0,0
SKU000974,759,75,16,43,0,625
SKU000975,243,26,18,29,0,170
SKU000976,908,80,23,43,0,762
SKU000977,42,41,0,17,150,0
SKU000978,456,9,17,44,0,386
SKU000979,308,25,17,51,0,215
SKU000980,44,26,17,50,0,0
SKU000981,912,71,11,28,50,802
SKU000982,644,55,2,35,50,552
SKU000983,536,64,25,6,0,441
SKU000984,613,16,9,7,100,581
SKU000985,62,44,6,52,250,0
SKU000986,407,68,16,9,0,314
SKU000987,448,49,17,54,50,328
SKU000988,410,26,5,5,0,374
SKU000989,585,89,0,55,100,441
SKU000990,466,67,8,24,250,367
SKU000991,225,34,17,12,0,162
SKU000992,30,9,1,45,0,0
SKU000993,904,17,8,60,250,819
SKU000994,52,15,6,39,0,0
SKU000995,1,1,0,10,150,0
SKU000996,905,17,13,44,0,831
SKU000997,332,80,0,57,0,195
SKU000998,224,35,5,21,0,163
SKU000999,550,74,3,51,150,422
SKU001000,704,83,8,60,150,553
SKU001001,649,26,14,19,0,590
SKU001002,275,80,25,59,250,111
SKU001003,404,29,23,51,50,301
SKU001004,377,61,2,36,0,278
SKU001005,470,22,6,41,50,401
SKU001006,746,36,0,24,0,686
SKU001007,906,50,21,43,0,792
SKU001008,71,54,7,34,150,0
SKU001009,412,67,4,51,250,290
SKU001010,12,6,3,6,0,0
SKU001011,5,1,1,54,0,0
SKU001012,274,80,19,5,250,170
SKU001013,9,1,8,52,250,0
SKU001014,346,10,6,13,50,317
SKU001015,777,56,5,24,0,692
SKU001016,490,7,17,49,0,417
SKU001017,642,2,1,11,100,628
SKU001018,303,53,4,5,0,241
SKU001019,24,12,2,27,150,0
SKU001020,293,87,12,48,150,146
SKU001021,842,62,5,12,0,763
SKU001022,104,36,11,9,100,48
SKU001023,341,10,1,43,0,287
SKU001024,182,42,19,16,150,105
SKU001025,435,85,21,24,100,305
SKU001026,837,13,8,36,150,780
SKU001027,377,9,25,5,250,338
SKU001028,152,18,10,14,50,110
SKU001029,457,61,2,12,100,382
SKU001030,437,35,4,10,0,388
SKU001031,130,49,11,25,50,45
SKU001032,434,52,19,55,150,308
SKU001033,341,83,7,29,50,222
SKU001034,562,68,15,39,100,440
SKU001035,841,10,18,50,50,763
SKU001036,539,88,25,52,0,374
SKU001037,719,46,0,18,250,655
SKU001038,17,15,0,12,0,0
SKU001039,933,17,9,34,0,873
SKU001040,855,53,7,18,250,777
SKU001041,17,3,11,50,0,0
SKU001042,386,89,13,28,0,256
SKU001043,718,74,2,35,250,607
SKU001044,608,3,4,28,0,573
SKU001045,80,1,18,58,250,3
SKU001046,426,23,15,52,0,336
SKU001047,766,38,15,31,150,682
SKU001048,345,82,22,5,0,236
SKU001049,113,82,1,43,250,0
SKU001050,177,1,12,58,50,106
SKU001051,696,58,17,50,250,571
SKU001052,264,64,9,50,0,141
SKU001053,433,34,2,38,50,359
SKU001054,128,51,19,8,0,50
SKU001055,401,71,19,58,0,253
SKU001056,836,61,10,46,150,719
SKU001057,414,21,1,56,0,336
SKU001058,662,34,3,11,0,614
SKU001059,371,42,0,20,0,309
SKU001060,166,8,6,43,0,109
SKU001061,774,24,17,17,150,716
SKU001062,33,5,18,41,0,0
SKU001063,577,61,1,8,0,507
SKU001064,95,1,11,53,0,30
SKU001065,407,40,24,30,150,313
SKU001066,364,89,21,11,0,243
SKU001067,417,64,3,37,250,313
SKU001068,793,75,25,29,50,664
SKU001069,600,4,9,15,0,572
SKU001070,698,80,2,50,0,566
SKU001071,905,87,20,14,250,784
SKU001072,735,64,16,51,100,604
SKU001073,667,43,14,55,0,555
SKU001074,347,79,13,7,150,248
SKU001075,792,30,6,44,100,712
SKU001076,76,72,3,11,250,0
SKU001077,15,9,4,60,250,0
SKU001078,800,63,3,34,0,700
SKU001079,173,20,2,22,100,129
SKU001080,372,9,5,50,250,308
SKU001081,471,60,8,53,50,350
SKU001082,665,15,18,36,0,596
SKU001083,372,51,13,59,100,249
SKU001084,939,56,11,37,250,835
SKU001085,639,47,2,48,50,542
SKU001086,518,87,1,44,150,386
SKU001087,58,15,22,57,100,0
SKU001088,8,1,4,29,0,0
SKU001089,583,9,7,29,250,538
SKU001090,473,44,14,34,150,381
SKU001091,547,59,3,10,0,475
SKU001092,749,50,24,32,0,643
SKU001093,411,40,10,43,50,318
SKU001094,217,60,3,22,50,132
SKU001095,39,30,2,45,0,0
SKU001096,327,76,24,29,0,198
SKU001097,827,55,15,18,0,739
SKU001098,216,87,13,22,0,94
SKU001099,650,18,2,22,50,608
SKU001100,83,57,13,38,0,0
SKU001101,685,23,1,10,50,651
SKU001102,350,38,5,17,0,290
SKU001103,429,68,22,55,0,284
SKU001104,713,88,18,29,250,578
SKU001105,10,9,0,9,150,0
SKU001106,683,18,10,47,250,608
SKU001107,751,40,0,14,50,697
SKU001108,151,40,3,55,150,53
SKU001109,416,0,14,58,250,344
SKU001110,128,81,18,11,0,18
SKU001111,223,24,13,49,100,137
SKU001112,792,48,6,27,0,711
SKU001113,195,73,0,28,250,94
SKU001114,39,32,1,49,50,0
SKU001115,664,52,13,27,0,572
SKU001116,848,66,24,26,0,732
SKU001117,948,54,11,16,100,867
SKU001118,609,55,12,23,250,519
SKU001119,675,55,20,23,150,577
SKU001120,635,12,2,56,250,565
SKU001121,106,2,19,31,0,54
SKU001122,508,79,17,11,150,401
SKU001123,454,4,21,23,250,406
SKU001124,430,58,17,29,0,326
SKU001125,200,15,11,55,50,119
SKU001126,422,82,22,55,150,263
SKU001127,47,14,16,23,0,0
SKU001128,900,39,25,31,150,805
SKU001129,53,2,0,6,0,45
SKU001130,809,66,23,43,0,677
SKU001131,343,73,13,20,100,237
SKU001132,400,82,12,58,0,248
SKU001133,820,54,4,45,50,717
SKU001134,745,40,16,15,50,674
SKU001135,236,16,16,12,150,192
SKU001136,590,80,8,58,100,444
SKU001137,162,26,2,10,0,124
SKU001138,75,19,0,44,150,12
SKU001139,556,10,18,29,0,499
SKU001140,760,58,20,45,250,637
SKU001141,366,83,7,24,0,252
SKU001142,548,48,24,21,150,455
SKU001143,52,9,20,6,150,17
SKU001144,593,14,14,43,0,522
SKU001145,109,33,5,10,0,61
SKU001146,506,26,12,11,50,457
SKU001147,9,7,2,9,0,0
SKU001148,703,40,20,33,250,610
SKU001149,164,1,5,47,100,111
SKU001150,646,4,3,26,0,613
SKU001151,495,76,17,5,0,397
SKU001152,534,15,6,43,0,470
SKU001153,65,19,6,60,0,0
SKU001154,117,3,10,13,0,91
SKU001155,85,16,8,22,50,39
SKU001156,204,44,22,40,150,98
SKU001157,301,63,13,37,50,188
SKU001158,944,22,6,48,250,868
SKU001159,908,50,3,42,250,813
SKU001160,784,21,25,18,150,720
SKU001161,499,57,13,43,150,386
SKU001162,278,79,3,43,50,153
SKU001163,439,45,11,45,250,338
SKU001164,65,4,16,21,100,24
SKU001165,419,82,16,27,50,294
SKU001166,30,25,2,32,250,0
SKU001167,190,9,6,47,0,128
SKU001168,380,40,3,5,0,332
SKU001169,42,13,14,41,250,0
SKU001170,329,71,2,29,0,227
SKU001171,616,27,3,40,0,546
SKU001172,733,85,2,41,150,605
SKU001173,431,55,10,57,0,309
SKU001174,202,63,15,7,0,117
SKU001175,431,57,5,43,0,326
SKU001176,605,73,0,23,0,509
SKU001177,659,73,0,34,0,552
SKU001178,134,51,1,39,100,43
SKU001179,40,1,2,35,0,2
SKU001180,849,38,8,25,250,778
SKU001181,354,71,24,25,50,234
SKU001182,38,29,7,59,150,0
SKU001183,932,47,19,11,0,855
SKU001184,1,0,0,25,250,0
SKU001185,704,28,5,10,0,661
SKU001186,741,47,17,5,150,672
SKU001187,5,0,0,24,0,0
SKU001188,270,78,25,56,50,111
SKU001189,276,17,18,34,0,207
SKU001190,129,18,24,42,250,45
SKU001191,916,57,21,12,100,826
SKU001192,540,61,21,36,0,422
SKU001193,329,61,7,10,0,251
SKU001194,784,10,11,40,250,723
SKU001195,893,82,23,59,0,729
SKU001196,63,7,6,5,150,45
SKU001197,221,49,6,36,0,130
SKU001198,348,75,24,38,100,211
SKU001199,879,39,22,34,150,784
SKU001200,157,13,4,19,0,121
